PROJECT_ID,BUG_ID,FRAME,SLOC,MAX_FRAME,BOTSING_SUCCESSFUL,GZOLTAR_SUCCESSFUL,DEFECTIVE_STATEMENT,GREEN_TEST_CASES,RED_TEST_CASES_HUMAN,RED_TEST_CASES_BOTSING,EXAM_HUMAN,EXAM_BOTSING,EXAM_HUMAN-BOTSING,SL_HUMAN,SL_BOTSING,SL_HUMAN-BOTSING,BASE_COMPARE,CATEGORY,DESCRIPTION
Chart,4,1,46751,6,Y,Y,"org.jfree.chart.plot$XYPlot:4493 org.jfree.chart.plot$XYPlot:4501",409,22,5,52,32,20,0.51796977028281,0.27735009811261,0.55708601453116,"WORSE,BETTER",SUPERIOR,"Generated test case exposes the bug perfectly."
Chart,4,2,46751,6,Y,Y,"org.jfree.chart.plot$XYPlot:4493 org.jfree.chart.plot$XYPlot:4501",409,22,5,52,24,28,0.51796977028281,0.27735009811261,0.55708601453116,"WORSE,BETTER",SUPERIOR,"Generated test case exposes the bug perfectly."
Chart,4,3,46751,6,Y,Y,"org.jfree.chart.plot$XYPlot:4493 org.jfree.chart.plot$XYPlot:4501",409,22,4,52,30,24,0.51796977028281,0.25,0.54984141476916,"WORSE,BETTER",SUPERIOR,"Generated test case exposes the bug perfectly."
Chart,4,4,46751,6,Y,Y,"org.jfree.chart.plot$XYPlot:4493 org.jfree.chart.plot$XYPlot:4501",409,22,3,52,48,31,0.51796977028281,0.21821789023599,0.54232614454664,"WORSE,BETTER",SUPERIOR,"Generated test case exposes the bug perfectly."
Chart,4,5,46751,6,Y,Y,"org.jfree.chart.plot$XYPlot:4493 org.jfree.chart.plot$XYPlot:4501",409,22,5,52,31,21,0.51796977028281,0.27735009811261,0.55708601453116,"WORSE,BETTER",SUPERIOR,"Generated test case exposes the bug perfectly."
Chart,4,6,46751,6,Y,N,"org.jfree.chart.plot$XYPlot:4493 org.jfree.chart.plot$XYPlot:4501",,,,,,,,,,,OTHER,"Cannot mock/spy class PlotOrientation in the generated test case."
Lang,1,1,2880,2,Y,Y,"org.apache.commons.lang3.math$NumberUtils:468 org.apache.commons.lang3.math$NumberUtils:471 org.apache.commons.lang3.math$NumberUtils:467",172,1,5,1,0,2,0.5,0,0.20412414523193,"EQUAL,EQUAL",NO_DEFECTIVE_FRAME,"Defective frame is not in the stack-trace."
Lang,1,2,2880,2,Y,Y,"org.apache.commons.lang3.math$NumberUtils:468 org.apache.commons.lang3.math$NumberUtils:471 org.apache.commons.lang3.math$NumberUtils:467",172,1,5,1,1,1,0.5,0.79056941504209,0.81649658092773,"EQUAL,BETTER",FAILS_AFTER_FIX,"Input should be a Long Hex number"
Lang,2,1,161,1,Y,Y,org.apache.commons.lang3$LocaleUtils:92,13,1,5,2,2,2,0.40824829046386,0.70710678118655,0.738548945876,"EQUAL,BETTER",FAILS_AFTER_FIX,"The input should contain a <code>#</code>. Interestingly all the test cases are the same."
Lang,5,1,140,1,Y,Y,"org.apache.commons.lang3$LocaleUtils:97 org.apache.commons.lang3$LocaleUtils:128",12,1,5,2,2,2,0.44721359549996,0.74535599249993,0.77459666924148,"EQUAL,BETTER",FAILS_AFTER_FIX,"Input should start with a underscore. For example <code>_GB</code>"
Lang,6,1,5033,3,N,N,org.apache.commons.lang3.text.translate$CharSequenceTranslator:95,,,,,,,,,,,OTHER,"Botsing could not reproduces"
Lang,9,4,1449,10,Y,Y,org.apache.commons.lang3.time$FastDateParser:144,157,2,5,20,0,32,0.13671718540493,0,0.073078409524187,"EQUAL,EQUAL",WRONG_STACK_TRACE,"Wrong stack-trace replication."
Lang,9,5,1449,10,Y,Y,org.apache.commons.lang3.time$FastDateParser:144,157,2,5,20,0,31,0.13671718540493,0,0.073078409524187,"EQUAL,EQUAL",WRONG_STACK_TRACE,"Wrong stack-trace replication."
Lang,12,2,98,2,Y,Y,"org.apache.commons.lang3$RandomStringUtils:230 org.apache.commons.lang3$RandomStringUtils:232 org.apache.commons.lang3$RandomStringUtils:238",8,2,5,2,3,2,0.70710678118655,0.84515425472852,0.8819171036882,"WORSE,BETTER",FAILS_AFTER_FIX,"Input should be <code>(any(Int), (String) null)</code> or <code>(any(Int), (char[]) null)</code>."
Lang,16,1,2927,1,Y,Y,org.apache.commons.lang3.math$NumberUtils:458,163,1,5,2,2,2,0.57735026918963,0.84515425472852,0.86602540378444,"EQUAL,BETTER",FAILS_AFTER_FIX,"Input should contain <code>0X</code> or <code>-0X</code>."
Lang,19,1,116,3,Y,Y,"org.apache.commons.lang3.text.translate$NumericEntityUnescaper:40 org.apache.commons.lang3.text.translate$NumericEntityUnescaper:54 org.apache.commons.lang3.text.translate$NumericEntityUnescaper:80 org.apache.commons.lang3.text.translate$NumericEntityUnescaper:50 org.apache.commons.lang3.text.translate$NumericEntityUnescaper:79",30,2,5,4,1,2,0.42640143271122,0.74535599249993,0.71713716560064,"EQUAL,BETTER",SUPERIOR,"Generated test case exposes the bug perfectly. Input should contain a <code>&</code> followed by any invalid escape sequence."
Lang,19,2,116,3,Y,Y,"org.apache.commons.lang3.text.translate$NumericEntityUnescaper:40 org.apache.commons.lang3.text.translate$NumericEntityUnescaper:54 org.apache.commons.lang3.text.translate$NumericEntityUnescaper:80 org.apache.commons.lang3.text.translate$NumericEntityUnescaper:50 org.apache.commons.lang3.text.translate$NumericEntityUnescaper:79",30,2,5,4,1,2,0.42640143271122,0.74535599249993,0.71713716560064,"EQUAL,BETTER",SUPERIOR,"Generated test case exposes the bug perfectly. Input should contain a <code>&</code> followed by any invalid escape sequence."
Lang,27,1,2849,1,Y,Y,"org.apache.commons.lang3.math$NumberUtils:479 org.apache.commons.lang3.math$NumberUtils:489",109,1,5,16,1,1,0.70710678118655,0.91287092917528,0.92582009977255,"EQUAL,BETTER",SUPERIOR,"Generated test case exposes the bug perfectly."
Lang,33,1,2237,1,Y,Y,org.apache.commons.lang3$ClassUtils:910,254,1,5,1,1,1,1,1,1,"EQUAL,EQUAL",EQUIVALENT,"Generated test case exposes the bug perfectly. Exception is thrown when an array containing a null element is passed into the function <code>toClass(Object[] array)</code>"
Lang,35,1,1606,2,Y,Y,"org.apache.commons.lang3$ArrayUtils:3295 org.apache.commons.lang3$ArrayUtils:3574",794,1,5,1,0,3,1,0,0.40824829046386,"EQUAL,EQUAL",WRONG_STACK_TRACE,"Wrong stack-trace replication."
Lang,35,2,1606,2,Y,Y,"org.apache.commons.lang3$ArrayUtils:3295 org.apache.commons.lang3$ArrayUtils:3574",794,1,5,1,0,3,1,0,0.40824829046386,"EQUAL,EQUAL",WRONG_STACK_TRACE,"Wrong stack-trace replication."
Lang,36,1,2708,1,Y,Y,"org.apache.commons.lang3.math$NumberUtils:491 org.apache.commons.lang3.math$NumberUtils:1387",108,2,5,2,2,2,0.81649658092773,0.91287092917528,0.93541434669349,"EQUAL,BETTER",FAILS_AFTER_FIX,"Test case fails after fix. The test cases violates one of the preconditions."
Lang,39,1,1836,2,Y,Y,org.apache.commons.lang3$StringUtils:3676,522,1,5,3,1,1,0.70710678118655,0.91287092917528,0.92582009977255,"BETTER,BETTER",SUPERIOR,"Generated test case exposes the bug perfectly. Only test case 4 is failing after the fix, which is strange as the test case look like a test case that will expose the bug."
Lang,39,2,1836,2,Y,Y,org.apache.commons.lang3$StringUtils:3676,522,1,5,3,2,2,0.70710678118655,0.91287092917528,0.92582009977255,"BETTER,BETTER",SUPERIOR,"Generated test case exposes the bug perfectly."
Lang,44,1,331,1,N,N,org.apache.commons.lang$NumberUtils:145,,,,,,,,,,,OTHER,"Botsing could not reproduce"
Lang,45,1,2063,1,Y,Y,org.apache.commons.lang$WordUtils:618,81,1,5,1,1,1,1,1,1,"EQUAL,EQUAL",SUPERIOR,"Test case 1 and 5 are failing after fix."
Lang,47,1,1749,1,Y,Y,"org.apache.commons.lang.text$StrBuilder:1186 org.apache.commons.lang.text$StrBuilder:1230",204,2,5,2,1,2,0.40824829046386,0.84515425472852,0.80178372573727,"EQUAL,BETTER",SUPERIOR,"Generated test case exposes the bug perfectly."
Lang,51,1,291,1,Y,Y,org.apache.commons.lang$BooleanUtils:671,189,1,2,1,1,1,1,1,1,"EQUAL,EQUAL",EQUIVALENT,"Generated test case exposes the bug perfectly."
Lang,54,1,134,1,Y,Y,org.apache.commons.lang$LocaleUtils:114,11,1,5,2,2,2,0.57735026918963,0.84515425472852,0.86602540378444,"EQUAL,BETTER",FAILS_AFTER_FIX,"Input should contain valid locale formatted string with two adjacent underscores."
Lang,57,1,314,1,Y,Y,org.apache.commons.lang$LocaleUtils:223,0,11,5,1,1,1,1,1,1,"EQUAL,EQUAL",EQUIVALENT,"Generated test case exposes the bug perfectly."
Math,1,2,3966,2,Y,Y,"org.apache.commons.math3.fraction$Fraction:215 org.apache.commons.math3.fraction$BigFraction:306",311,2,5,9,7,6,0.5,0.91287092917528,0.85714285714286,"EQUAL,BETTER",SUPERIOR,"Generated test case exposes the bug perfectly. Test case 1, 3 and 4 fail after fix "
Math,4,1,5420,3,Y,Y,"org.apache.commons.math3.geometry.euclidean.threed$SubLine:113 org.apache.commons.math3.geometry.euclidean.twod$SubLine:116",50,2,5,6,0,22,0.26726124191242,0,0.14285714285714,"EQUAL,EQUAL",NO_DEFECTIVE_FRAME,"Defective frame and defective statement not covered."
Math,4,2,5420,3,Y,Y,"org.apache.commons.math3.geometry.euclidean.threed$SubLine:113 org.apache.commons.math3.geometry.euclidean.twod$SubLine:116",50,2,5,6,0,24,0.26726124191242,0,0.14285714285714,"EQUAL,EQUAL",NO_DEFECTIVE_FRAME,"Defective frame and defective statement not covered."
Math,4,3,5420,3,Y,Y,"org.apache.commons.math3.geometry.euclidean.threed$SubLine:113 org.apache.commons.math3.geometry.euclidean.twod$SubLine:116",50,2,5,6,7,7,0.26726124191242,0.67419986246324,0.65465367070798,"BETTER,BETTER",INFERIOR,"Generated test case exposes the bug perfectly. The difference in performance is caused by the way in which the line segments are created."
Math,8,1,2028,1,N,N,"org.apache.commons.math3.distribution$DiscreteDistribution:181 org.apache.commons.math3.distribution$DiscreteDistribution:187",,,,,,,,,,,OTHER,"No test case generated."
Math,31,2,11386,8,N,N,"org.apache.commons.math3.util$ContinuedFraction:134 org.apache.commons.math3.util$ContinuedFraction:135 org.apache.commons.math3.util$ContinuedFraction:143 org.apache.commons.math3.util$ContinuedFraction:144 org.apache.commons.math3.util$ContinuedFraction:145 org.apache.commons.math3.util$ContinuedFraction:146 org.apache.commons.math3.util$ContinuedFraction:147 org.apache.commons.math3.util$ContinuedFraction:148 org.apache.commons.math3.util$ContinuedFraction:149 org.apache.commons.math3.util$ContinuedFraction:150 org.apache.commons.math3.util$ContinuedFraction:151 org.apache.commons.math3.util$ContinuedFraction:152 org.apache.commons.math3.util$ContinuedFraction:153 org.apache.commons.math3.util$ContinuedFraction:154 org.apache.commons.math3.util$ContinuedFraction:155 org.apache.commons.math3.util$ContinuedFraction:156 org.apache.commons.math3.util$ContinuedFraction:157 org.apache.commons.math3.util$ContinuedFraction:158 org.apache.commons.math3.util$ContinuedFraction:159 org.apache.commons.math3.util$ContinuedFraction:160 org.apache.commons.math3.util$ContinuedFraction:161 org.apache.commons.math3.util$ContinuedFraction:162 org.apache.commons.math3.util$ContinuedFraction:163 org.apache.commons.math3.util$ContinuedFraction:164 org.apache.commons.math3.util$ContinuedFraction:165 org.apache.commons.math3.util$ContinuedFraction:166 org.apache.commons.math3.util$ContinuedFraction:169 org.apache.commons.math3.util$ContinuedFraction:170 org.apache.commons.math3.util$ContinuedFraction:185 org.apache.commons.math3.util$ContinuedFraction:186 org.apache.commons.math3.util$ContinuedFraction:187 org.apache.commons.math3.util$ContinuedFraction:188 org.apache.commons.math3.util$ContinuedFraction:189",,,,,,,,,,,OTHER,"No test case generated."
Math,31,3,11386,8,N,N,"org.apache.commons.math3.util$ContinuedFraction:134 org.apache.commons.math3.util$ContinuedFraction:135 org.apache.commons.math3.util$ContinuedFraction:143 org.apache.commons.math3.util$ContinuedFraction:144 org.apache.commons.math3.util$ContinuedFraction:145 org.apache.commons.math3.util$ContinuedFraction:146 org.apache.commons.math3.util$ContinuedFraction:147 org.apache.commons.math3.util$ContinuedFraction:148 org.apache.commons.math3.util$ContinuedFraction:149 org.apache.commons.math3.util$ContinuedFraction:150 org.apache.commons.math3.util$ContinuedFraction:151 org.apache.commons.math3.util$ContinuedFraction:152 org.apache.commons.math3.util$ContinuedFraction:153 org.apache.commons.math3.util$ContinuedFraction:154 org.apache.commons.math3.util$ContinuedFraction:155 org.apache.commons.math3.util$ContinuedFraction:156 org.apache.commons.math3.util$ContinuedFraction:157 org.apache.commons.math3.util$ContinuedFraction:158 org.apache.commons.math3.util$ContinuedFraction:159 org.apache.commons.math3.util$ContinuedFraction:160 org.apache.commons.math3.util$ContinuedFraction:161 org.apache.commons.math3.util$ContinuedFraction:162 org.apache.commons.math3.util$ContinuedFraction:163 org.apache.commons.math3.util$ContinuedFraction:164 org.apache.commons.math3.util$ContinuedFraction:165 org.apache.commons.math3.util$ContinuedFraction:166 org.apache.commons.math3.util$ContinuedFraction:169 org.apache.commons.math3.util$ContinuedFraction:170 org.apache.commons.math3.util$ContinuedFraction:185 org.apache.commons.math3.util$ContinuedFraction:186 org.apache.commons.math3.util$ContinuedFraction:187 org.apache.commons.math3.util$ContinuedFraction:188 org.apache.commons.math3.util$ContinuedFraction:189",,,,,,,,,,,OTHER,"No test case generated."
Math,31,4,11386,8,N,N,"org.apache.commons.math3.util$ContinuedFraction:134 org.apache.commons.math3.util$ContinuedFraction:135 org.apache.commons.math3.util$ContinuedFraction:143 org.apache.commons.math3.util$ContinuedFraction:144 org.apache.commons.math3.util$ContinuedFraction:145 org.apache.commons.math3.util$ContinuedFraction:146 org.apache.commons.math3.util$ContinuedFraction:147 org.apache.commons.math3.util$ContinuedFraction:148 org.apache.commons.math3.util$ContinuedFraction:149 org.apache.commons.math3.util$ContinuedFraction:150 org.apache.commons.math3.util$ContinuedFraction:151 org.apache.commons.math3.util$ContinuedFraction:152 org.apache.commons.math3.util$ContinuedFraction:153 org.apache.commons.math3.util$ContinuedFraction:154 org.apache.commons.math3.util$ContinuedFraction:155 org.apache.commons.math3.util$ContinuedFraction:156 org.apache.commons.math3.util$ContinuedFraction:157 org.apache.commons.math3.util$ContinuedFraction:158 org.apache.commons.math3.util$ContinuedFraction:159 org.apache.commons.math3.util$ContinuedFraction:160 org.apache.commons.math3.util$ContinuedFraction:161 org.apache.commons.math3.util$ContinuedFraction:162 org.apache.commons.math3.util$ContinuedFraction:163 org.apache.commons.math3.util$ContinuedFraction:164 org.apache.commons.math3.util$ContinuedFraction:165 org.apache.commons.math3.util$ContinuedFraction:166 org.apache.commons.math3.util$ContinuedFraction:169 org.apache.commons.math3.util$ContinuedFraction:170 org.apache.commons.math3.util$ContinuedFraction:185 org.apache.commons.math3.util$ContinuedFraction:186 org.apache.commons.math3.util$ContinuedFraction:187 org.apache.commons.math3.util$ContinuedFraction:188 org.apache.commons.math3.util$ContinuedFraction:189",,,,,,,,,,,OTHER,"No test case generated."
Math,31,5,11386,8,N,N,"org.apache.commons.math3.util$ContinuedFraction:134 org.apache.commons.math3.util$ContinuedFraction:135 org.apache.commons.math3.util$ContinuedFraction:143 org.apache.commons.math3.util$ContinuedFraction:144 org.apache.commons.math3.util$ContinuedFraction:145 org.apache.commons.math3.util$ContinuedFraction:146 org.apache.commons.math3.util$ContinuedFraction:147 org.apache.commons.math3.util$ContinuedFraction:148 org.apache.commons.math3.util$ContinuedFraction:149 org.apache.commons.math3.util$ContinuedFraction:150 org.apache.commons.math3.util$ContinuedFraction:151 org.apache.commons.math3.util$ContinuedFraction:152 org.apache.commons.math3.util$ContinuedFraction:153 org.apache.commons.math3.util$ContinuedFraction:154 org.apache.commons.math3.util$ContinuedFraction:155 org.apache.commons.math3.util$ContinuedFraction:156 org.apache.commons.math3.util$ContinuedFraction:157 org.apache.commons.math3.util$ContinuedFraction:158 org.apache.commons.math3.util$ContinuedFraction:159 org.apache.commons.math3.util$ContinuedFraction:160 org.apache.commons.math3.util$ContinuedFraction:161 org.apache.commons.math3.util$ContinuedFraction:162 org.apache.commons.math3.util$ContinuedFraction:163 org.apache.commons.math3.util$ContinuedFraction:164 org.apache.commons.math3.util$ContinuedFraction:165 org.apache.commons.math3.util$ContinuedFraction:166 org.apache.commons.math3.util$ContinuedFraction:169 org.apache.commons.math3.util$ContinuedFraction:170 org.apache.commons.math3.util$ContinuedFraction:185 org.apache.commons.math3.util$ContinuedFraction:186 org.apache.commons.math3.util$ContinuedFraction:187 org.apache.commons.math3.util$ContinuedFraction:188 org.apache.commons.math3.util$ContinuedFraction:189",,,,,,,,,,,OTHER,"No test case generated."
Math,31,6,11386,8,N,N,"org.apache.commons.math3.util$ContinuedFraction:134 org.apache.commons.math3.util$ContinuedFraction:135 org.apache.commons.math3.util$ContinuedFraction:143 org.apache.commons.math3.util$ContinuedFraction:144 org.apache.commons.math3.util$ContinuedFraction:145 org.apache.commons.math3.util$ContinuedFraction:146 org.apache.commons.math3.util$ContinuedFraction:147 org.apache.commons.math3.util$ContinuedFraction:148 org.apache.commons.math3.util$ContinuedFraction:149 org.apache.commons.math3.util$ContinuedFraction:150 org.apache.commons.math3.util$ContinuedFraction:151 org.apache.commons.math3.util$ContinuedFraction:152 org.apache.commons.math3.util$ContinuedFraction:153 org.apache.commons.math3.util$ContinuedFraction:154 org.apache.commons.math3.util$ContinuedFraction:155 org.apache.commons.math3.util$ContinuedFraction:156 org.apache.commons.math3.util$ContinuedFraction:157 org.apache.commons.math3.util$ContinuedFraction:158 org.apache.commons.math3.util$ContinuedFraction:159 org.apache.commons.math3.util$ContinuedFraction:160 org.apache.commons.math3.util$ContinuedFraction:161 org.apache.commons.math3.util$ContinuedFraction:162 org.apache.commons.math3.util$ContinuedFraction:163 org.apache.commons.math3.util$ContinuedFraction:164 org.apache.commons.math3.util$ContinuedFraction:165 org.apache.commons.math3.util$ContinuedFraction:166 org.apache.commons.math3.util$ContinuedFraction:169 org.apache.commons.math3.util$ContinuedFraction:170 org.apache.commons.math3.util$ContinuedFraction:185 org.apache.commons.math3.util$ContinuedFraction:186 org.apache.commons.math3.util$ContinuedFraction:187 org.apache.commons.math3.util$ContinuedFraction:188 org.apache.commons.math3.util$ContinuedFraction:189",,,,,,,,,,,OTHER,"No test case generated."
Math,31,7,11386,8,N,N,"org.apache.commons.math3.util$ContinuedFraction:134 org.apache.commons.math3.util$ContinuedFraction:135 org.apache.commons.math3.util$ContinuedFraction:143 org.apache.commons.math3.util$ContinuedFraction:144 org.apache.commons.math3.util$ContinuedFraction:145 org.apache.commons.math3.util$ContinuedFraction:146 org.apache.commons.math3.util$ContinuedFraction:147 org.apache.commons.math3.util$ContinuedFraction:148 org.apache.commons.math3.util$ContinuedFraction:149 org.apache.commons.math3.util$ContinuedFraction:150 org.apache.commons.math3.util$ContinuedFraction:151 org.apache.commons.math3.util$ContinuedFraction:152 org.apache.commons.math3.util$ContinuedFraction:153 org.apache.commons.math3.util$ContinuedFraction:154 org.apache.commons.math3.util$ContinuedFraction:155 org.apache.commons.math3.util$ContinuedFraction:156 org.apache.commons.math3.util$ContinuedFraction:157 org.apache.commons.math3.util$ContinuedFraction:158 org.apache.commons.math3.util$ContinuedFraction:159 org.apache.commons.math3.util$ContinuedFraction:160 org.apache.commons.math3.util$ContinuedFraction:161 org.apache.commons.math3.util$ContinuedFraction:162 org.apache.commons.math3.util$ContinuedFraction:163 org.apache.commons.math3.util$ContinuedFraction:164 org.apache.commons.math3.util$ContinuedFraction:165 org.apache.commons.math3.util$ContinuedFraction:166 org.apache.commons.math3.util$ContinuedFraction:169 org.apache.commons.math3.util$ContinuedFraction:170 org.apache.commons.math3.util$ContinuedFraction:185 org.apache.commons.math3.util$ContinuedFraction:186 org.apache.commons.math3.util$ContinuedFraction:187 org.apache.commons.math3.util$ContinuedFraction:188 org.apache.commons.math3.util$ContinuedFraction:189",,,,,,,,,,,OTHER,"No test case generated."
Math,31,8,11386,8,N,N,"org.apache.commons.math3.util$ContinuedFraction:134 org.apache.commons.math3.util$ContinuedFraction:135 org.apache.commons.math3.util$ContinuedFraction:143 org.apache.commons.math3.util$ContinuedFraction:144 org.apache.commons.math3.util$ContinuedFraction:145 org.apache.commons.math3.util$ContinuedFraction:146 org.apache.commons.math3.util$ContinuedFraction:147 org.apache.commons.math3.util$ContinuedFraction:148 org.apache.commons.math3.util$ContinuedFraction:149 org.apache.commons.math3.util$ContinuedFraction:150 org.apache.commons.math3.util$ContinuedFraction:151 org.apache.commons.math3.util$ContinuedFraction:152 org.apache.commons.math3.util$ContinuedFraction:153 org.apache.commons.math3.util$ContinuedFraction:154 org.apache.commons.math3.util$ContinuedFraction:155 org.apache.commons.math3.util$ContinuedFraction:156 org.apache.commons.math3.util$ContinuedFraction:157 org.apache.commons.math3.util$ContinuedFraction:158 org.apache.commons.math3.util$ContinuedFraction:159 org.apache.commons.math3.util$ContinuedFraction:160 org.apache.commons.math3.util$ContinuedFraction:161 org.apache.commons.math3.util$ContinuedFraction:162 org.apache.commons.math3.util$ContinuedFraction:163 org.apache.commons.math3.util$ContinuedFraction:164 org.apache.commons.math3.util$ContinuedFraction:165 org.apache.commons.math3.util$ContinuedFraction:166 org.apache.commons.math3.util$ContinuedFraction:169 org.apache.commons.math3.util$ContinuedFraction:170 org.apache.commons.math3.util$ContinuedFraction:185 org.apache.commons.math3.util$ContinuedFraction:186 org.apache.commons.math3.util$ContinuedFraction:187 org.apache.commons.math3.util$ContinuedFraction:188 org.apache.commons.math3.util$ContinuedFraction:189",,,,,,,,,,,OTHER,"No test case generated."
Math,32,1,6766,10,Y,Y,org.apache.commons.math3.geometry.euclidean.twod$PolygonsSet:136,22,1,5,2,1,1,1,1,1,"EQUAL,EQUAL",FAILS_AFTER_FIX,"The roots of the problem are deeper in the program, according the issue tracker."
Math,32,2,6766,10,Y,Y,org.apache.commons.math3.geometry.euclidean.twod$PolygonsSet:136,22,1,5,2,1,1,1,1,1,"EQUAL,EQUAL",FAILS_AFTER_FIX,"The roots of the problem are deeper in the program, according the issue tracker."
Math,38,5,8735,6,Y,Y,"org.apache.commons.math.optimization.direct$BOBYQAOptimizer:1660 org.apache.commons.math.optimization.direct$BOBYQAOptimizer:1662 org.apache.commons.math.optimization.direct$BOBYQAOptimizer:1663 org.apache.commons.math.optimization.direct$BOBYQAOptimizer:1752",18,1,3,1,2,1,1,1,1,"EQUAL,EQUAL",FAILS_AFTER_FIX,
Math,38,6,8735,6,Y,Y,"org.apache.commons.math.optimization.direct$BOBYQAOptimizer:1660 org.apache.commons.math.optimization.direct$BOBYQAOptimizer:1662 org.apache.commons.math.optimization.direct$BOBYQAOptimizer:1663 org.apache.commons.math.optimization.direct$BOBYQAOptimizer:1752",18,1,5,1,2,1,1,1,1,"EQUAL,EQUAL",FAILS_AFTER_FIX,
Math,40,2,3340,5,Y,Y,"org.apache.commons.math.analysis.solvers$BracketingNthOrderBrentSolver:235 org.apache.commons.math.analysis.solvers$BracketingNthOrderBrentSolver:238",89,1,5,21,0,55,0.24253562503633,0,0.099014754297667,"EQUAL,EQUAL",NO_DEFECTIVE_FRAME,"Defective frame and defective statement not covered."
Math,40,3,3340,5,Y,Y,"org.apache.commons.math.analysis.solvers$BracketingNthOrderBrentSolver:235 org.apache.commons.math.analysis.solvers$BracketingNthOrderBrentSolver:238",89,1,5,21,89,87,0.24253562503633,0.10846522890933,0.19245008972988,"WORSE,WORSE",FAILS_AFTER_FIX,
Math,40,4,3340,5,Y,Y,"org.apache.commons.math.analysis.solvers$BracketingNthOrderBrentSolver:235 org.apache.commons.math.analysis.solvers$BracketingNthOrderBrentSolver:238",89,1,5,21,24,31,0.24253562503633,0.5,0.45643546458764,"BETTER,BETTER",INFERIOR,"The test case does not really cover the bug. Test case 3 and 4 fail after fix."
Math,40,5,3340,5,Y,Y,"org.apache.commons.math.analysis.solvers$BracketingNthOrderBrentSolver:235 org.apache.commons.math.analysis.solvers$BracketingNthOrderBrentSolver:238",89,1,5,21,69,61,0.24253562503633,0.21081851067789,0.28097574347451,"BETTER,BETTER",INFERIOR,"The test case does not really cover the bug. Test case 3 and 4 fail after fix."
Math,49,2,5082,4,N,N,"org.apache.commons.math.linear$OpenMapRealVector:345 org.apache.commons.math.linear$OpenMapRealVector:358 org.apache.commons.math.linear$OpenMapRealVector:370 org.apache.commons.math.linear$OpenMapRealVector:383",,,,,,,,,,,OTHER,"No test case generated."
Math,49,3,5082,4,Y,Y,"org.apache.commons.math.linear$OpenMapRealVector:345 org.apache.commons.math.linear$OpenMapRealVector:358 org.apache.commons.math.linear$OpenMapRealVector:370 org.apache.commons.math.linear$OpenMapRealVector:383",34,1,5,8,7,7,0.70710678118655,0.91287092917528,0.92582009977255,"EQUAL,BETTER",SUPERIOR,
Math,51,3,4364,7,Y,Y,"org.apache.commons.math.analysis.solvers$BaseSecantSolver:178 org.apache.commons.math.analysis.solvers$BaseSecantSolver:187",35,1,5,22,33,26,0.21320071635561,0.43852900965351,0.47140452079103,"WORSE,BETTER",FAILS_AFTER_FIX,"Botsing test cases still fails in fixed version. The generated test case uses the wrong solver."
Math,51,4,4364,7,N,N,"org.apache.commons.math.analysis.solvers$BaseSecantSolver:185 org.apache.commons.math.analysis.solvers$BaseSecantSolver:187 org.apache.commons.math.analysis.solvers$BaseSecantSolver:189",,,,,,,,,,,OTHER,"No test case generated."
Math,51,5,4364,7,Y,Y,"org.apache.commons.math.analysis.solvers$BaseSecantSolver:178 org.apache.commons.math.analysis.solvers$BaseSecantSolver:187",35,1,5,22,68,65,0.21320071635561,0.35777087639997,0.40032038451272,"WORSE,BETTER",FAILS_AFTER_FIX,
Math,51,6,4364,7,Y,Y,"org.apache.commons.math.analysis.solvers$BaseSecantSolver:178 org.apache.commons.math.analysis.solvers$BaseSecantSolver:187",35,1,5,22,37,27,0.21320071635561,0.43852900965351,0.47140452079103,"WORSE,BETTER",FAILS_AFTER_FIX,
Math,51,7,4364,7,N,N,"org.apache.commons.math.analysis.solvers$BaseSecantSolver:185 org.apache.commons.math.analysis.solvers$BaseSecantSolver:187 org.apache.commons.math.analysis.solvers$BaseSecantSolver:189",,,,,,,,,,,OTHER,"No test case generated."
Math,58,1,4241,12,N,N,org.apache.commons.math.optimization.fitting$GaussianFitter:121,7,1,0,24,0,24,0.40824829046386,0,0.40824829046386,"EQUAL,EQUAL",OTHER,"No test case could be generated."
Math,58,2,4241,12,N,N,org.apache.commons.math.optimization.fitting$GaussianFitter:121,7,1,0,24,0,24,0.40824829046386,0,0.40824829046386,"EQUAL,EQUAL",OTHER,"No test case could be generated"
Math,61,2,3691,3,Y,Y,"org.apache.commons.math.distribution$PoissonDistributionImpl:22 org.apache.commons.math.distribution$PoissonDistributionImpl:94",11,1,5,1,1,1,1,1,1,"EQUAL,EQUAL",EQUIVALENT,
Math,61,3,3691,3,Y,Y,"org.apache.commons.math.distribution$PoissonDistributionImpl:22 org.apache.commons.math.distribution$PoissonDistributionImpl:94",11,1,5,1,1,1,1,1,1,"EQUAL,EQUAL",EQUIVALENT,"Test 1, 2 and 3 the input should be a negative number."
Math,70,1,440,3,Y,Y,org.apache.commons.math.analysis.solvers$BisectionSolver:72,15,1,5,1,9,7,1,0.44721359549996,0.57735026918963,"BETTER,BETTER",FAILS_AFTER_FIX,"Generated test cases are invalid."
Math,70,2,440,3,Y,Y,org.apache.commons.math.analysis.solvers$BisectionSolver:72,15,1,5,1,9,7,1,0.44721359549996,0.57735026918963,"BETTER,BETTER",INFERIOR,
Math,70,3,440,3,Y,Y,org.apache.commons.math.analysis.solvers$BisectionSolver:72,15,1,5,1,1,1,1,1,1,"EQUAL,EQUAL",EQUIVALENT,
Math,78,2,934,3,Y,Y,"org.apache.commons.math.ode.events$EventState:188 org.apache.commons.math.ode.events$EventState:201",117,1,5,24,0,38,0.10846522890933,0,0.044280744277005,"EQUAL,EQUAL",NO_DEFECTIVE_FRAME,
Math,78,3,934,3,Y,Y,"org.apache.commons.math.ode.events$EventState:188 org.apache.commons.math.ode.events$EventState:201",117,1,3,24,18,20,0.10846522890933,0.18569533817705,0.21320071635561,"WORSE,BETTER",,
Math,79,1,930,2,Y,Y,"org.apache.commons.math.util$MathUtils:1624 org.apache.commons.math.util$MathUtils:1626",865,1,3,9,14,9,0.5,0.70710678118655,0.75592894601845,"EQUAL,BETTER",,
Math,81,6,8141,6,Y,Y,"org.apache.commons.math.linear$EigenDecompositionImpl:905 org.apache.commons.math.linear$EigenDecompositionImpl:906 org.apache.commons.math.linear$EigenDecompositionImpl:1543 org.apache.commons.math.linear$EigenDecompositionImpl:603",34,1,4,1,1,1,0.57735026918963,0.81649658092773,0.84515425472852,"EQUAL,BETTER",,
Math,84,1,531,3,Y,Y,"org.apache.commons.math.optimization.direct$MultiDirectional:64 org.apache.commons.math.optimization.direct$MultiDirectional:92 org.apache.commons.math.optimization.direct$MultiDirectional:94",3,2,5,36,0,39,0.40824829046386,0,0.21821789023599,"EQUAL,EQUAL",NO_DEFECTIVE_FRAME,
Math,84,2,531,3,Y,Y,"org.apache.commons.math.optimization.direct$MultiDirectional:64 org.apache.commons.math.optimization.direct$MultiDirectional:90 org.apache.commons.math.optimization.direct$MultiDirectional:94",3,2,5,6,0,35,0.70710678118655,0,0.37796447300923,"WORSE,WORSE",NO_DEFECTIVE_FRAME,
Math,84,3,531,3,Y,Y,"org.apache.commons.math.optimization.direct$MultiDirectional:64 org.apache.commons.math.optimization.direct$MultiDirectional:90 org.apache.commons.math.optimization.direct$MultiDirectional:94",3,2,5,6,36,37,0.70710678118655,0.44721359549996,0.61721339984837,"BETTER,BETTER",,
Math,89,1,188,1,Y,Y,"org.apache.commons.math.stat$Frequency:110 org.apache.commons.math.stat$Frequency:111",6,1,5,1,2,1,0.70710678118655,0.91287092917528,0.92582009977255,"EQUAL,BETTER",,
Math,90,1,185,1,Y,Y,"org.apache.commons.math.stat$Frequency:110 org.apache.commons.math.stat$Frequency:121",6,1,5,2,3,2,0.40824829046386,0.70710678118655,0.738548945876,"WORSE,BETTER",,
Math,95,1,1003,4,Y,Y,"org.apache.commons.math.distribution$FDistributionImpl:144 org.apache.commons.math.distribution$FDistributionImpl:146 org.apache.commons.math.distribution$FDistributionImpl:148",22,1,5,5,0,8,0.57735026918963,0,0.23570226039552,"EQUAL,EQUAL",NO_DEFECTIVE_FRAME,
Math,95,2,1003,4,Y,Y,"org.apache.commons.math.distribution$FDistributionImpl:144 org.apache.commons.math.distribution$FDistributionImpl:146 org.apache.commons.math.distribution$FDistributionImpl:148",22,1,5,5,0,7,0.57735026918963,0,0.23570226039552,"EQUAL,EQUAL",NO_DEFECTIVE_FRAME,
Math,95,3,1003,4,Y,Y,"org.apache.commons.math.distribution$FDistributionImpl:144 org.apache.commons.math.distribution$FDistributionImpl:146 org.apache.commons.math.distribution$FDistributionImpl:148",22,1,5,5,8,8,0.57735026918963,0.73029674334022,0.77151674981046,"WORSE,BETTER",,
Math,95,4,1003,4,Y,Y,"org.apache.commons.math.distribution$FDistributionImpl:144 org.apache.commons.math.distribution$FDistributionImpl:146 org.apache.commons.math.distribution$FDistributionImpl:148",22,1,5,5,5,5,0.57735026918963,0.84515425472852,0.86602540378444,"EQUAL,BETTER",,
Math,97,1,429,1,Y,Y,"org.apache.commons.math.analysis$BrentSolver:138 org.apache.commons.math.analysis$BrentSolver:145 org.apache.commons.math.analysis$BrentSolver:140 org.apache.commons.math.analysis$BrentSolver:148 org.apache.commons.math.analysis$BrentSolver:149",128,1,5,13,6,6,0.17677669529664,0.37267799624996,0.40269363312841,"WORSE,BETTER",,
Math,98,1,1511,1,Y,Y,"org.apache.commons.math.linear$BigMatrixImpl:991 org.apache.commons.math.linear$RealMatrixImpl:779",131,2,5,1,1,1,0.40824829046386,0.84515425472852,0.80178372573727,"BETTER,BETTER",,
Math,100,1,1158,1,Y,Y,"org.apache.commons.math.estimation$AbstractEstimator:166 org.apache.commons.math.estimation$AbstractEstimator:202 org.apache.commons.math.estimation$AbstractEstimator:207",47,1,4,3,2,2,0.57735026918963,0.81649658092773,0.84515425472852,"BETTER,BETTER",,
Math,101,1,240,1,N,N,org.apache.commons.math.complex$ComplexFormat:377,,,,,,,,,,,,
Math,103,1,522,3,Y,Y,"org.apache.commons.math.distribution$NormalDistributionImpl:109 org.apache.commons.math.distribution$NormalDistributionImpl:111",19,1,5,10,0,12,0.35355339059327,0,0.14433756729741,"EQUAL,EQUAL",NO_DEFECTIVE_FRAME,
Mockito,21,1,2743,3,Y,N,"org.mockito.internal.creation.instance$ConstructorInstantiator:17 org.mockito.internal.creation.instance$ConstructorInstantiator:20 org.mockito.internal.creation.instance$ConstructorInstantiator:24 org.mockito.internal.creation.instance$ConstructorInstantiator:25 org.mockito.internal.creation.instance$ConstructorInstantiator:29 org.mockito.internal.creation.instance$ConstructorInstantiator:36",,,,,,,,,,,,
Mockito,21,2,2743,3,Y,N,"org.mockito.internal.creation.instance$ConstructorInstantiator:17 org.mockito.internal.creation.instance$ConstructorInstantiator:20 org.mockito.internal.creation.instance$ConstructorInstantiator:24 org.mockito.internal.creation.instance$ConstructorInstantiator:25 org.mockito.internal.creation.instance$ConstructorInstantiator:29 org.mockito.internal.creation.instance$ConstructorInstantiator:36",,,,,,,,,,,,
Mockito,21,3,2743,3,Y,N,"org.mockito.internal.creation.instance$ConstructorInstantiator:17 org.mockito.internal.creation.instance$ConstructorInstantiator:20 org.mockito.internal.creation.instance$ConstructorInstantiator:24 org.mockito.internal.creation.instance$ConstructorInstantiator:25 org.mockito.internal.creation.instance$ConstructorInstantiator:29 org.mockito.internal.creation.instance$ConstructorInstantiator:36",,,,,,,,,,,,
Mockito,36,1,5167,1,Y,N,"org.mockito.internal.invocation$Invocation:11 org.mockito.internal.invocation$Invocation:202",,,,,,,,,,,,
Time,2,1,12079,2,Y,Y,"org.joda.time$Partial:218 org.joda.time$Partial:449 org.joda.time.field$UnsupportedDurationField:227",3962,1,5,2,4,4,0.40824829046386,0.33806170189141,0.43301270189222,"WORSE,WORSE",,
Time,2,2,12079,2,Y,Y,"org.joda.time$Partial:218 org.joda.time$Partial:449 org.joda.time.field$UnsupportedDurationField:227",3962,1,5,2,2,2,0.40824829046386,0.70710678118655,0.738548945876,"EQUAL,BETTER",,
Time,5,2,9011,3,Y,Y,"org.joda.time$Period:1628 org.joda.time$Period:1629 org.joda.time$Period:1630 org.joda.time$Period:1631 org.joda.time$Period:1633 org.joda.time$Period:1634",1920,3,5,4,0,9,0.52223296786709,0,0.31980107453342,"EQUAL,EQUAL",,
Time,5,3,9011,3,Y,Y,"org.joda.time$Period:1628 org.joda.time$Period:1629 org.joda.time$Period:1630 org.joda.time$Period:1631 org.joda.time$Period:1633 org.joda.time$Period:1634",1920,3,5,4,2,2,0.52223296786709,0.62017367294604,0.70710678118655,"BETTER,BETTER",,
Time,7,1,14789,6,Y,Y,"org.joda.time.format$DateTimeFormatter:710 org.joda.time.format$DateTimeFormatter:708",2653,2,5,4,0,12,0.28284271247462,0,0.15118578920369,"EQUAL,EQUAL",,
Time,7,2,14789,6,Y,Y,"org.joda.time.format$DateTimeFormatter:710 org.joda.time.format$DateTimeFormatter:708",2653,2,5,4,0,10,0.28284271247462,0,0.15118578920369,"EQUAL,EQUAL",,
Time,7,4,14789,6,Y,Y,"org.joda.time.format$DateTimeFormatter:710 org.joda.time.format$DateTimeFormatter:708",2653,2,5,4,0,32,0.28284271247462,0,0.15118578920369,"EQUAL,EQUAL",,
Time,7,5,14789,6,Y,Y,"org.joda.time.format$DateTimeFormatter:710 org.joda.time.format$DateTimeFormatter:708",2653,2,5,4,0,29,0.28284271247462,0,0.15118578920369,"EQUAL,EQUAL",,
Time,7,6,14789,6,Y,Y,"org.joda.time.format$DateTimeFormatter:710 org.joda.time.format$DateTimeFormatter:708",2653,2,4,4,10,4,0.28284271247462,0.38490017945975,0.45485882614734,"BETTER,BETTER",,
Time,8,1,6691,1,Y,Y,"org.joda.time$DateTimeZone:279 org.joda.time$DateTimeZone:286 org.joda.time$DateTimeZone:282",3901,1,5,13,2,2,0.12700012700019,0.27524094128159,0.29925280083229,"EQUAL,BETTER",,
Time,10,1,14769,5,Y,Y,"org.joda.time.base$BaseSingleFieldPeriod:104 org.joda.time.base$BaseSingleFieldPeriod:52",342,2,5,52,0,225,0.40824829046386,0,0.21821789023599,"EQUAL,EQUAL",,
Time,10,2,14769,5,Y,Y,"org.joda.time.base$BaseSingleFieldPeriod:104 org.joda.time.base$BaseSingleFieldPeriod:52",342,2,5,52,0,62,0.40824829046386,0,0.21821789023599,"EQUAL,EQUAL",,
Time,10,3,14769,5,Y,Y,"org.joda.time.base$BaseSingleFieldPeriod:104 org.joda.time.base$BaseSingleFieldPeriod:52",342,2,3,52,0,276,0.40824829046386,0,0.25819888974716,"EQUAL,EQUAL",,
Time,10,4,14769,5,Y,Y,"org.joda.time.base$BaseSingleFieldPeriod:104 org.joda.time.base$BaseSingleFieldPeriod:52",342,2,2,52,107,46,0.40824829046386,0.40824829046386,0.53452248382485,"WORSE,BETTER",,
Time,10,5,14769,5,Y,Y,"org.joda.time.base$BaseSingleFieldPeriod:104 org.joda.time.base$BaseSingleFieldPeriod:52",342,2,5,52,54,50,0.40824829046386,0.57735026918963,0.64168894791975,"EQUAL,BETTER",,
Time,20,1,11623,1,Y,N,"org.joda.time.format$DateTimeFormatterBuilder:2544 org.joda.time.format$DateTimeFormatterBuilder:2545 org.joda.time.format$DateTimeFormatterBuilder:2542 org.joda.time.format$DateTimeFormatterBuilder:2547",,,,,,,,,,,,
